<?xml version="1.0" encoding="UTF-8"?>
<beans xmlns="http://www.springframework.org/schema/beans"
	xmlns:mvc="http://www.springframework.org/schema/mvc" xmlns:xsi="http://www.w3.org/2001/XMLSchema-instance"
	xmlns:p="http://www.springframework.org/schema/p" xmlns:context="http://www.springframework.org/schema/context"
	xsi:schemaLocation="http://www.springframework.org/schema/beans 
http://www.springframework.org/schema/beans/spring-beans-3.2.xsd 
http://www.springframework.org/schema/context 
http://www.springframework.org/schema/context/spring-context-3.2.xsd 
http://www.springframework.org/schema/mvc 
http://www.springframework.org/schema/mvc/spring-mvc-3.2.xsd">


	<!-- 自动扫描controller包下的所有类，使其认为spring mvc的控制器 -->

	<context:component-scan base-package="com.snailxr.base.**.controller"
		use-default-filters="false"><!-- base-package 如果多个，用“,”分隔 -->
		<context:include-filter type="annotation"
			expression="org.springframework.stereotype.Controller" />
	</context:component-scan>
	<mvc:annotation-driven>
		<mvc:message-converters register-defaults="true">
			<!-- 默认情况下MappingJacksonHttpMessageConverter会设置content为application/json，在IE9下返回会出现提示下载的现象 -->
			<bean
				class="org.springframework.http.converter.json.MappingJacksonHttpMessageConverter"
				p:supportedMediaTypes="text/html;charset=UTF-8">
			</bean>
		</mvc:message-converters>
	</mvc:annotation-driven>
	<!-- 启动Spring MVC的注解功能，完成请求和注解POJO的映射 -->
	<mvc:annotation-driven />


	<!-- 对模型视图名称的解析，即在模型视图名称添加前后缀 -->
	<bean
		class="org.springframework.web.servlet.view.InternalResourceViewResolver"
		p:prefix="/WEB-INF/" p:suffix=".jsp" />

	<bean id="multipartResolver"
		class="org.springframework.web.multipart.commons.CommonsMultipartResolver">
		<property name="defaultEncoding">
			<value>UTF-8</value>
		</property>
		<property name="maxUploadSize">
			<value>10000000</value><!-- 上传文件大小限制为100M -->
		</property>
	</bean>


</beans>